INSERT INTO NASELJENO_MESTO VALUES('1', 'Novi Sad', false, 21000);
INSERT INTO NASELJENO_MESTO VALUES('2', 'Beograd', false, 11000);

INSERT INTO JEDINICA_MERE VALUES('1', 'Kilogram', false, 'kg');
INSERT INTO JEDINICA_MERE VALUES('2', 'Centimetar', false, 'cm');
INSERT INTO JEDINICA_MERE VALUES('3','Litar', false, 'l');

INSERT INTO PDVSTOPA VALUES('383feeb5-bec8-4c57-af42-f609ee6358d0',  '2021-02-03', false, 2.5);
INSERT INTO PDVSTOPA VALUES('66525c8d-3562-41ad-9600-aaaf3fcd36d9',  '2021-02-06', false, 2.5);
INSERT INTO PDVSTOPA VALUES('f0e42d04-667f-4771-a906-dc54b34c9aa1',  '2021-02-04', false, 2.6);

INSERT INTO PDVKATEGORIJA VALUES('049b02cc-e304-482b-927e-8c06dd2e1a7c', 'Prva', false);
INSERT INTO PDVKATEGORIJA VALUES('b1d9b0da-c971-4150-b4cb-32d6414e1f15', 'Druga', false);

INSERT INTO PDVKATEGORIJA_STOPEPDV VALUES('049b02cc-e304-482b-927e-8c06dd2e1a7c', '383feeb5-bec8-4c57-af42-f609ee6358d0');
INSERT INTO PDVKATEGORIJA_STOPEPDV VALUES('049b02cc-e304-482b-927e-8c06dd2e1a7c', '66525c8d-3562-41ad-9600-aaaf3fcd36d9');
INSERT INTO PDVKATEGORIJA_STOPEPDV VALUES('b1d9b0da-c971-4150-b4cb-32d6414e1f15', 'f0e42d04-667f-4771-a906-dc54b34c9aa1');

INSERT INTO GRUPA_ROBE_ILI_USLUGE VALUES('1', 'Neka grupa', false, '049b02cc-e304-482b-927e-8c06dd2e1a7c');

INSERT INTO ROBA_ILI_USLUGA(id, naziv, obrisan, opis, roba, grupa_robe_ili_usluge_id, jedinica_mere_id) VALUES('1','Mleko', false, 'Sveze mleko', true, '1', '3');
INSERT INTO ROBA_ILI_USLUGA(id, naziv, obrisan, opis, roba, grupa_robe_ili_usluge_id, jedinica_mere_id) VALUES('2','Jogurt', false, 'Jogurt u flasi', true, '1', '3');

INSERT INTO STAVKA_CENOVNIKA VALUES('1', 150, false, '1');
INSERT INTO STAVKA_CENOVNIKA VALUES('2', 130, false, '2');

INSERT INTO PREDUZECE VALUES('481a4f2d-450d-4b83-a516-bad9d6e12159', 'Temerinska bb', '+381666555', 'Tempo', false, '+381666554', '1');

INSERT INTO POSLOVNI_PARTNER VALUES('b1cc11dd-9e72-4e92-bc49-b0db8667a1b8', 'Kisacka 23', 'maxi@delta.rs', '+381666556', 'Maxi', false, '+381666557', 'kupac', '1');
INSERT INTO POSLOVNI_PARTNER VALUES('aec5fd39-02cf-432a-bb80-f0d6fb93a75a', 'Kisacka 24', 'roda@roda.rs', '+381666558', 'Roda', false, '+381666559', 'kupac', '2');
INSERT INTO POSLOVNI_PARTNER VALUES('ade8a085-3fdd-471d-bee3-0dc9b1ffe0df', 'Kisacka 25', 'micro@market.rs', '+381666560', 'Mikromarket', false, '+381666561', 'kupac', '1');

INSERT INTO PREDUZECE_POSLOVNI_PARTNERI VALUES('481a4f2d-450d-4b83-a516-bad9d6e12159', 'b1cc11dd-9e72-4e92-bc49-b0db8667a1b8');
INSERT INTO PREDUZECE_POSLOVNI_PARTNERI VALUES('481a4f2d-450d-4b83-a516-bad9d6e12159', 'aec5fd39-02cf-432a-bb80-f0d6fb93a75a');
INSERT INTO PREDUZECE_POSLOVNI_PARTNERI VALUES('481a4f2d-450d-4b83-a516-bad9d6e12159', 'ade8a085-3fdd-471d-bee3-0dc9b1ffe0df');

INSERT INTO POSLOVNA_GODINA VALUES('196e2100-4955-459e-bebe-dfa086e89985', 2021, false, 0);
INSERT INTO POSLOVNA_GODINA VALUES('91e606fd-8929-410a-8df8-74e68516856a', 2020, false, 1);

INSERT INTO PREDUZECE_POSLOVNE_GODINE values('481a4f2d-450d-4b83-a516-bad9d6e12159', '196e2100-4955-459e-bebe-dfa086e89985');
INSERT INTO PREDUZECE_POSLOVNE_GODINE values('481a4f2d-450d-4b83-a516-bad9d6e12159', '91e606fd-8929-410a-8df8-74e68516856a');

INSERT INTO CENOVNIK VALUES('6a21f091-a34e-4d45-8631-1295dd4c2239', false, '2021-02-04');

INSERT INTO CENOVNIK_STAVKE_CENOVNIKA VALUES('6a21f091-a34e-4d45-8631-1295dd4c2239', '1');
INSERT INTO CENOVNIK_STAVKE_CENOVNIKA VALUES('6a21f091-a34e-4d45-8631-1295dd4c2239', '2');

INSERT INTO PREDUZECE_CENOVNICI_PREDUZECA VALUES('481a4f2d-450d-4b83-a516-bad9d6e12159', '6a21f091-a34e-4d45-8631-1295dd4c2239');

INSERT INTO PREDUZECE_GRUPE_ROBA_ILI_USLUGA values('481a4f2d-450d-4b83-a516-bad9d6e12159', '1');

INSERT INTO FAKTURA VALUES('805c07b6-c0bb-47fd-a7de-e9695f1bebe7', 1, '2021-02-04', '2021-02-04', 0, false, 0.2, 5.2, 5.5, 'b1cc11dd-9e72-4e92-bc49-b0db8667a1b8', '196e2100-4955-459e-bebe-dfa086e89985', '481a4f2d-450d-4b83-a516-bad9d6e12159');

INSERT INTO STAVKA_FAKTURE VALUES('ccfa0987-51d4-4e7c-a8da-21eb005244a4', 1, 1, 20, 5, false, 100, 2, 300, '1');
INSERT INTO STAVKA_FAKTURE VALUES('a19b5619-943b-44ca-a838-7d2334649ec7', 1, 1, 20, 5, false, 100, 2, 300, '2');

INSERT INTO FAKTURA_STAVKE VALUES('805c07b6-c0bb-47fd-a7de-e9695f1bebe7', 'ccfa0987-51d4-4e7c-a8da-21eb005244a4');
INSERT INTO FAKTURA_STAVKE VALUES('805c07b6-c0bb-47fd-a7de-e9695f1bebe7', 'a19b5619-943b-44ca-a838-7d2334649ec7');